Output format is unaligned.
Field separator is "	".
schema	table_name	index_name	access_method	idx_bytes	idx_size	is_unique	is_partial	ddl
records	aliases_mv	aliases_mv_user_alias_gist	gist	113795072	109 MB	f	f	CREATE INDEX aliases_mv_user_alias_gist ON records.aliases_mv USING gist (user_id, alias_norm gist_trgm_ops)
records	aliases_mv	aliases_mv_uniq_btree	btree	73760768	70 MB	t	f	CREATE UNIQUE INDEX aliases_mv_uniq_btree ON records.aliases_mv USING btree (user_id, record_id, alias_norm)
records_hot	records_hot	records_hot_knn	gist	31555584	30 MB	f	t	CREATE INDEX records_hot_knn ON records_hot.records_hot USING gist (search_norm gist_trgm_ops) WHERE (user_id = '0dc268d0-a86f-4e12-8d10-9db0f1b735e0'::uuid)
records	aliases	aliases_pkey	btree	26877952	26 MB	t	f	CREATE UNIQUE INDEX aliases_pkey ON records.aliases USING btree (record_id, alias)
records	autocomplete_terms_mv	ac_terms_user_term_gist	gist	25714688	25 MB	f	f	CREATE INDEX ac_terms_user_term_gist ON records.autocomplete_terms_mv USING gist (user_id, term_norm gist_trgm_ops)
records	records	rec_hot_0dc268d0a86f4e12_trgm_knn_cov	gist	17047552	16 MB	f	t	CREATE INDEX rec_hot_0dc268d0a86f4e12_trgm_knn_cov ON records.records USING gist (search_norm gist_trgm_ops) WHERE (user_id = '0dc268d0-a86f-4e12-8d10-9db0f1b735e0'::uuid)
records	records	idx_records_label_gist_trgm	gist	16941056	16 MB	f	f	CREATE INDEX idx_records_label_gist_trgm ON records.records USING gist (label_norm gist_trgm_ops)
records	records	idx_records_name_gist_trgm	gist	15908864	15 MB	f	f	CREATE INDEX idx_records_name_gist_trgm ON records.records USING gist (name_norm gist_trgm_ops)
records	records	idx_records_id_inc_user	btree	14794752	14 MB	f	f	CREATE INDEX idx_records_id_inc_user ON records.records USING btree (id) INCLUDE (user_id)
records	records	idx_records_search_gin_trgm	gin	14123008	13 MB	f	f	CREATE INDEX idx_records_search_gin_trgm ON records.records USING gin (search_norm gin_trgm_ops)
records	records	records_hot_000000000000000000000000000000aa_trgm_knn	gist	13869056	13 MB	f	t	CREATE INDEX records_hot_000000000000000000000000000000aa_trgm_knn ON records.records USING gist (search_norm gist_trgm_ops) WHERE (user_id = '00000000-0000-0000-0000-0000000000aa'::uuid)
records	records	idx_records_artist_gist_trgm	gist	13746176	13 MB	f	f	CREATE INDEX idx_records_artist_gist_trgm ON records.records USING gist (artist_norm gist_trgm_ops)
records	records	idx_records_catalog_gist_trgm	gist	12091392	12 MB	f	f	CREATE INDEX idx_records_catalog_gist_trgm ON records.records USING gist (catalog_norm gist_trgm_ops)
records	search_doc_mv	search_doc_mv_doc_trgm_gin	gin	11878400	11 MB	f	f	CREATE INDEX search_doc_mv_doc_trgm_gin ON records.search_doc_mv USING gin (doc gin_trgm_ops)
records	autocomplete_terms_mv	ac_terms_mv_uid_term_uq	btree	11821056	11 MB	t	f	CREATE UNIQUE INDEX ac_terms_mv_uid_term_uq ON records.autocomplete_terms_mv USING btree (user_id, term_raw, term_norm)
records_hot	records_hot	records_hot_search_trgm_gin	gin	10887168	10 MB	f	t	CREATE INDEX records_hot_search_trgm_gin ON records_hot.records_hot USING gin (search_norm gin_trgm_ops) WITH (fastupdate=off) WHERE (user_id = '0dc268d0-a86f-4e12-8d10-9db0f1b735e0'::uuid)
records	search_doc_mv	search_doc_mv_sv_gin	gin	9986048	9752 kB	f	f	CREATE INDEX search_doc_mv_sv_gin ON records.search_doc_mv USING gin (sv)
records	records	records_pkey	btree	9625600	9400 kB	t	f	CREATE UNIQUE INDEX records_pkey ON records.records USING btree (id)
records	records	idx_records_name_trgm	gin	8904704	8696 kB	f	f	CREATE INDEX idx_records_name_trgm ON records.records USING gin (name gin_trgm_ops)
records	search_doc_mv	search_doc_mv_pk	btree	6643712	6488 kB	t	f	CREATE UNIQUE INDEX search_doc_mv_pk ON records.search_doc_mv USING btree (id)
records	records	rec_hot_0dc268d0a86f4e12_searchnorm_trgm_gin	gin	6438912	6288 kB	f	t	CREATE INDEX rec_hot_0dc268d0a86f4e12_searchnorm_trgm_gin ON records.records USING gin (search_norm gin_trgm_ops) WITH (fastupdate=off) WHERE (user_id = '0dc268d0-a86f-4e12-8d10-9db0f1b735e0'::uuid)
records	records	rec_hot_0dc268d0a86f4e128d109db0f1b735e0_searchnorm_trgm_gin	gin	6438912	6288 kB	f	t	CREATE INDEX rec_hot_0dc268d0a86f4e128d109db0f1b735e0_searchnorm_trgm_gin ON records.records USING gin (search_norm gin_trgm_ops) WITH (fastupdate=off) WHERE (user_id = '0dc268d0-a86f-4e12-8d10-9db0f1b735e0'::uuid)
records	records	idx_records_artist_trgm	gin	5087232	4968 kB	f	f	CREATE INDEX idx_records_artist_trgm ON records.records USING gin (artist gin_trgm_ops)
records_hot	records_hot	records_hot_pkey	btree	4661248	4552 kB	t	f	CREATE UNIQUE INDEX records_hot_pkey ON records_hot.records_hot USING btree (id)
records	aliases_mv	rec_alias_0dc268d0a86f4e12_alias_trgm_gin	gin	2965504	2896 kB	f	t	CREATE INDEX rec_alias_0dc268d0a86f4e12_alias_trgm_gin ON records.aliases_mv USING gin (alias_norm gin_trgm_ops) WITH (fastupdate=off) WHERE (user_id = '0dc268d0-a86f-4e12-8d10-9db0f1b735e0'::uuid)
records	search_doc_mv	search_doc_mv_user	btree	1507328	1472 kB	f	f	CREATE INDEX search_doc_mv_user ON records.search_doc_mv USING btree (user_id)
records	autocomplete_terms_mv	ac_terms_user_hits	btree	1449984	1416 kB	f	f	CREATE INDEX ac_terms_user_hits ON records.autocomplete_terms_mv USING btree (user_id, hits DESC)
records	records	idx_records_user_updated	btree	1400832	1368 kB	f	f	CREATE INDEX idx_records_user_updated ON records.records USING btree (user_id, updated_at DESC)
records	records	idx_records_user	btree	1384448	1352 kB	f	f	CREATE INDEX idx_records_user ON records.records USING btree (user_id)
records	artist_seed	artist_seed_pkey	btree	393216	384 kB	t	f	CREATE UNIQUE INDEX artist_seed_pkey ON records.artist_seed USING btree (canon)
records_hot	config	config_pkey	btree	16384	16 kB	t	f	CREATE UNIQUE INDEX config_pkey ON records_hot.config USING btree (user_id)
records	records_staging_v2	records_staging_v2_user_id_idx	btree	8192	8192 bytes	f	f	CREATE INDEX records_staging_v2_user_id_idx ON records.records_staging_v2 USING btree (user_id)
records	records_staging_v2	records_staging_v2_catalog_number_idx	btree	8192	8192 bytes	f	f	CREATE INDEX records_staging_v2_catalog_number_idx ON records.records_staging_v2 USING btree (catalog_number)
records	records_staging_v2	records_staging_v2_artist_name_format_idx	btree	8192	8192 bytes	f	f	CREATE INDEX records_staging_v2_artist_name_format_idx ON records.records_staging_v2 USING btree (artist, name, format)
(34 rows)
