Output format is unaligned.
Field separator is "	".
schema	table_name	relopts	toast_relopts
records	aliases		
records	artist_seed		
records	records	autovacuum_vacuum_scale_factor=0.01;autovacuum_vacuum_threshold=1000;autovacuum_analyze_scale_factor=0.005;autovacuum_analyze_threshold=1000;autovacuum_vacuum_cost_limit=2000;autovacuum_vacuum_cost_delay=2	autovacuum_vacuum_scale_factor=0.01;autovacuum_vacuum_threshold=1000;autovacuum_vacuum_cost_limit=2000;autovacuum_vacuum_cost_delay=2
records	records_staging_v2		
records_hot	config		
records_hot	records_hot		
(6 rows)
