Output format is unaligned.
Field separator is "	".
schema	table_name	trigger_name	trigger_def
records	records	records_hot_sync_del	CREATE TRIGGER records_hot_sync_del AFTER DELETE ON records.records FOR EACH ROW EXECUTE FUNCTION records_hot.sync_hot()
records	records	records_hot_sync_ins	CREATE TRIGGER records_hot_sync_ins AFTER INSERT ON records.records FOR EACH ROW EXECUTE FUNCTION records_hot.sync_hot()
records	records	records_hot_sync_upd	CREATE TRIGGER records_hot_sync_upd AFTER UPDATE OF user_id, search_norm ON records.records FOR EACH ROW EXECUTE FUNCTION records_hot.sync_hot()
records	records	trg_records_norm	CREATE TRIGGER trg_records_norm BEFORE INSERT OR UPDATE ON records.records FOR EACH ROW EXECUTE FUNCTION records.set_norm_cols()
records	records	trg_records_touch	CREATE TRIGGER trg_records_touch BEFORE UPDATE ON records.records FOR EACH ROW EXECUTE FUNCTION records.touch_updated_at()
(5 rows)
